usuario,producto
mariellaaresa,Café Heirloom de Etiopia
mariellaaresa,Crema de Café
mariellaaresa,Café Geisha
mariellaaresa,Café de Proceso Natural
astri.ferrer.27,Jabón Exfoliante de Café
astri.ferrer.27,Crema de Café
astri.ferrer.27,Café Caturra
astri.ferrer.27,Café de Proceso Natural
astri.ferrer.27,Café Geisha
Alexismk18,Café Geisha
Alexismk18,Café Heirloom de Etiopia
Alexismk18,Café Catuai
Alexismk18,Jabón Exfoliante de Café
Alexismk18,Crema de Café
jbernuyolortegui,Café Heirloom de Etiopia
jbernuyolortegui,Café Geisha
jbernuyolortegui,Jabón Exfoliante de Café
jbernuyolortegui,Café Bourbon
jbernuyolortegui,Café Caturra
Nxc472,Crema de Café
Nxc472,Café Catuai
Nxc472,Café Caturra
willytog19,Jabón Exfoliante de Café
willytog19,Café Caturra
willytog19,Café Geisha
willytog19,Café Catuai
willytog19,Crema de Café
stevenpaztenazoa,Café Heirloom de Etiopia
stevenpaztenazoa,Jabón Exfoliante de Café
stevenpaztenazoa,Crema de Café
renzogamboa201,Café Geisha
renzogamboa201,Café de Proceso Natural
renzogamboa201,Café Heirloom de Etiopia
gmp72000,Café Geisha
gmp72000,Café Heirloom de Etiopia
gmp72000,Café Catuai
gmp72000,Crema de Café
gmp72000,Jabón Exfoliante de Café
gmp72000,Café Bourbon
luisdelacruz1246,Café Heirloom de Etiopia
luisdelacruz1246,Café Caturra
luisdelacruz1246,Café Catuai
luisdelacruz1246,Crema de Café
luisdelacruz1246,Jabón Exfoliante de Café
nandini_1982,Café de Proceso Natural
nandini_1982,Jabón Exfoliante de Café
nandini_1982,Café Heirloom de Etiopia
anderzonpereztellez,Jabón Exfoliante de Café
anderzonpereztellez,Café Geisha
anderzonpereztellez,Café Heirloom de Etiopia
anderzonpereztellez,Crema de Café
anderzonpereztellez,Café Caturra
anderzonpereztellez,Café de Proceso Natural
carlosram1994,Café Bourbon
carlosram1994,Crema de Café
carlosram1994,Jabón Exfoliante de Café
carlosram1994,Café Catuai
carlosram1994,Café de Proceso Natural
michelrobertoreateguiramirez,Café Caturra
michelrobertoreateguiramirez,Café Geisha
michelrobertoreateguiramirez,Café de Proceso Natural
michelrobertoreateguiramirez,Café Catuai
michelrobertoreateguiramirez,Café Heirloom de Etiopia
sisniegaarevalocarlos,Café Caturra
sisniegaarevalocarlos,Jabón Exfoliante de Café
consuelovallevargas,Café Catuai
consuelovallevargas,Crema de Café
consuelovallevargas,Café de Proceso Natural
nataliabaldeon28,Café Bourbon
nataliabaldeon28,Jabón Exfoliante de Café
nataliabaldeon28,Crema de Café
nataliabaldeon28,Café Caturra
pedrogonzaloprad,Café Bourbon
pedrogonzaloprad,Café de Proceso Natural
pedrogonzaloprad,Café Caturra
pedrogonzaloprad,Crema de Café
pedrogonzaloprad,Café Geisha
Mparedes0300,Jabón Exfoliante de Café
Mparedes0300,Café de Proceso Natural
Mparedes0300,Café Geisha
Mparedes0300,Café Catuai
Mparedes0300,Crema de Café
Mparedes0300,Café Bourbon
nilsfalconaquino,Café Caturra
nilsfalconaquino,Café de Proceso Natural
anelhiamrmucha19,Café Catuai
anelhiamrmucha19,Café de Proceso Natural
anelhiamrmucha19,Café Geisha
anelhiamrmucha19,Crema de Café
anelhiamrmucha19,Café Caturra
anelhiamrmucha19,Café Bourbon
rubigomero21,Café Catuai
rubigomero21,Crema de Café
rubigomero21,Café Geisha
rubigomero21,Café Heirloom de Etiopia
rubigomero21,Café de Proceso Natural
joaquinylucas1,Café Catuai
joaquinylucas1,Café Heirloom de Etiopia
joaquinylucas1,Crema de Café
joaquinylucas1,Café Bourbon
ing.cruzda,Crema de Café
ing.cruzda,Café Geisha
aluealue15,Café Heirloom de Etiopia
aluealue15,Café Caturra
aluealue15,Café Catuai
26lumendoza,Café Heirloom de Etiopia
26lumendoza,Café Bourbon
26lumendoza,Crema de Café
26lumendoza,Café de Proceso Natural
26lumendoza,Café Catuai
alesomoreano23,Jabón Exfoliante de Café
alesomoreano23,Café Bourbon
alesomoreano23,Café Geisha
cebastianhenzolujcor,Café Caturra
cebastianhenzolujcor,Café Geisha
cebastianhenzolujcor,Café Bourbon
cebastianhenzolujcor,Café de Proceso Natural
cebastianhenzolujcor,Crema de Café
cebastianhenzolujcor,Jabón Exfoliante de Café
aceituna2002,Café Caturra
aceituna2002,Café Catuai
Miasaboyafalcon,Café Caturra
Miasaboyafalcon,Café Geisha
Miasaboyafalcon,Jabón Exfoliante de Café
Miasaboyafalcon,Café Catuai
Miasaboyafalcon,Café Bourbon
Miasaboyafalcon,Café de Proceso Natural
adrianoinga1930,Café Bourbon
adrianoinga1930,Café de Proceso Natural
adrianoinga1930,Crema de Café
adrianoinga1930,Café Geisha
adrianoinga1930,Café Caturra
adrianoinga1930,Café Catuai
larigarciay11,Café de Proceso Natural
larigarciay11,Jabón Exfoliante de Café
larigarciay11,Café Caturra
larigarciay11,Café Catuai
larigarciay11,Café Heirloom de Etiopia
ricky.valdivia99,Café de Proceso Natural
ricky.valdivia99,Crema de Café
ricky.valdivia99,Café Geisha
ricky.valdivia99,Café Catuai
fernandoalarconx7,Jabón Exfoliante de Café
fernandoalarconx7,Café Geisha
fernandoalarconx7,Café Heirloom de Etiopia
fernandoalarconx7,Café Catuai
fernandoalarconx7,Café Bourbon
fernandoalarconx7,Crema de Café
miltonrodriguez07.mro,Café Catuai
miltonrodriguez07.mro,Café Heirloom de Etiopia
miltonrodriguez07.mro,Café Geisha
Ahorasipez2.0,Café Heirloom de Etiopia
Ahorasipez2.0,Café de Proceso Natural
Ahorasipez2.0,Jabón Exfoliante de Café
Ahorasipez2.0,Café Geisha
alexiavegasalazar,Café de Proceso Natural
alexiavegasalazar,Jabón Exfoliante de Café
alexiavegasalazar,Café Geisha
alexiavegasalazar,Café Catuai
alexiavegasalazar,Café Heirloom de Etiopia
alexiavegasalazar,Café Bourbon
victorlamottarospigliosi,Café Catuai
victorlamottarospigliosi,Café Geisha
victorlamottarospigliosi,Jabón Exfoliante de Café
victorlamottarospigliosi,Café Heirloom de Etiopia
csanchez.tpfilo,Café Bourbon
csanchez.tpfilo,Crema de Café
csanchez.tpfilo,Café Catuai
csanchez.tpfilo,Café Heirloom de Etiopia
patrikheredia,Café Heirloom de Etiopia
patrikheredia,Café Bourbon
patrikheredia,Café Catuai
latorrec877,Café Bourbon
latorrec877,Café de Proceso Natural
latorrec877,Café Caturra
latorrec877,Café Geisha
latorrec877,Jabón Exfoliante de Café
latorrec877,Crema de Café
Ladulce0015,Café Heirloom de Etiopia
Ladulce0015,Jabón Exfoliante de Café
Ladulce0015,Crema de Café
Ladulce0015,Café Bourbon
elizabethrengifo07,Café de Proceso Natural
elizabethrengifo07,Jabón Exfoliante de Café
elizabethrengifo07,Café Geisha
luisheinercastillo30,Café Heirloom de Etiopia
luisheinercastillo30,Crema de Café
luisheinercastillo30,Café Caturra
luisheinercastillo30,Café Bourbon
Roggergalvez053,Jabón Exfoliante de Café
Roggergalvez053,Café Caturra
Roggergalvez053,Café Catuai
Roggergalvez053,Café de Proceso Natural
mauricio.molle,Café Heirloom de Etiopia
mauricio.molle,Café Bourbon
mikacallacondo,Crema de Café
mikacallacondo,Café Catuai
mikacallacondo,Café de Proceso Natural
mikacallacondo,Café Caturra
mikacallacondo,Jabón Exfoliante de Café
Alexbarriga1502,Café Geisha
Alexbarriga1502,Crema de Café
Alexbarriga1502,Jabón Exfoliante de Café
Alexbarriga1502,Café Caturra
Alexbarriga1502,Café Heirloom de Etiopia
Alexbarriga1502,Café Bourbon
jobbravo2003,Café Caturra
jobbravo2003,Café de Proceso Natural
jobbravo2003,Crema de Café
jobbravo2003,Café Heirloom de Etiopia
jobbravo2003,Café Catuai
maricieloramosf,Crema de Café
maricieloramosf,Café Bourbon
maricieloramosf,Café Catuai
maricieloramosf,Jabón Exfoliante de Café
mauriciotuesta09,Café Bourbon
mauriciotuesta09,Café Caturra
mauriciotuesta09,Café Heirloom de Etiopia
mauriciotuesta09,Jabón Exfoliante de Café
mauriciotuesta09,Café Catuai
mauriciotuesta09,Café de Proceso Natural
Valerinruizhuaman,Café Caturra
Valerinruizhuaman,Café Heirloom de Etiopia
Valerinruizhuaman,Café Geisha
Valerinruizhuaman,Crema de Café
vilcapomamarilyn02,Jabón Exfoliante de Café
vilcapomamarilyn02,Café Bourbon
vilcapomamarilyn02,Crema de Café
Danilomwata,Crema de Café
Danilomwata,Café Caturra
rosarioperezlopez199,Jabón Exfoliante de Café
rosarioperezlopez199,Café de Proceso Natural
rosarioperezlopez199,Café Heirloom de Etiopia
rosarioperezlopez199,Café Catuai
faridrisco777,Café de Proceso Natural
faridrisco777,Jabón Exfoliante de Café
faridrisco777,Café Catuai
faridrisco777,Café Bourbon
faridrisco777,Café Caturra
mogollonastrid980,Café de Proceso Natural
mogollonastrid980,Café Caturra
mogollonastrid980,Café Heirloom de Etiopia
mogollonastrid980,Crema de Café
mogollonastrid980,Café Catuai
tellezadrian.2006,Crema de Café
tellezadrian.2006,Café Catuai
tellezadrian.2006,Café Bourbon
tellezadrian.2006,Jabón Exfoliante de Café
joselin_8_7,Jabón Exfoliante de Café
joselin_8_7,Café Catuai
joselin_8_7,Café Geisha
joselin_8_7,Crema de Café
montalvanuziel,Café Heirloom de Etiopia
montalvanuziel,Café Bourbon
